Part,Supplier,Advantages,Disadvantages
Engine,Xcel Motors,"Highly durable and fuel-efficient, designed with cutting-edge technology to reduce emissions and enhance performance. Features a robust cooling system to prevent overheating and ensure long-term reliability.","Expensive to maintain and repair, requiring specialized components that may not be easily available. Some users report excessive noise levels during high-speed operations."
Engine,TurboTech,"Lightweight yet powerful, improving overall vehicle efficiency and speed. Incorporates advanced fuel injection systems for optimal combustion and lower fuel consumption.","Prone to overheating in extreme conditions, requiring additional cooling mechanisms. Some users report occasional oil leaks, necessitating frequent maintenance."
Engine,Max Auto Solutions,"Engineered with precision for smooth acceleration and minimal vibrations. High torque output makes it ideal for heavy-duty applications.","Higher initial cost compared to standard engines. Some customers experience minor issues with electronic sensors that may need recalibration over time."
Battery,VoltX,"Long-lasting battery life, providing consistent power output even in extreme temperatures. Quick recharge technology allows for reduced downtime.","Heavier than standard batteries, adding to the overall vehicle weight. Some users report decreased efficiency in extremely cold climates, affecting startup performance."
Battery,ChargePro,"High capacity, making it suitable for electric and hybrid vehicles. Low maintenance and extended warranty ensure reliability.","More expensive than conventional batteries. Prone to capacity degradation over time, especially in high-drain applications."
Battery,PowerCell,"Eco-friendly composition with recyclable materials, reducing environmental impact. Designed to withstand frequent charging cycles without significant loss of capacity.","Not widely available in all markets, making replacements harder to find. Some users report inconsistent voltage output under heavy load."
Brake Pads,StopSure,"Provides excellent braking performance with minimal wear and tear. Designed for all-weather reliability, reducing the risk of skidding.","Slightly more expensive than traditional brake pads. Some users report a high level of brake dust accumulation, requiring frequent cleaning."
Brake Pads,BrakeMaster,"Enhanced stopping power with advanced friction materials. Reduced noise levels for a smooth and quiet ride.","Tends to wear out faster in high-performance applications, requiring more frequent replacements. Some users experience minor squeaking noises after prolonged use."
Brake Pads,SafeDrive,"Heat-resistant design improves durability and prevents brake fade. Compatible with a wide range of vehicles, making it a versatile choice.","Less effective when not properly bedded in during installation. Some users report reduced efficiency in extremely cold conditions."
Radiator,CoolFlow,"Highly efficient cooling system that prevents overheating, ensuring smooth engine operation. Made from corrosion-resistant materials for longevity.","Can be expensive to replace due to its specialized design. Some users report minor leakage issues after prolonged use in high-temperature conditions."
Radiator,HeatGuard,"Lightweight aluminum construction for better heat dissipation and fuel efficiency. Easy to install and compatible with various engine types.","More susceptible to damage from road debris, requiring additional protection. Some users report reduced cooling efficiency in extreme summer conditions."
Radiator,AutoChill,"Durable design with reinforced tubing to enhance performance. Low-maintenance and long-lasting, reducing overall vehicle upkeep costs.","Slightly larger size may require modifications for proper fitting. Some customers have experienced minor issues with coolant circulation, requiring periodic flushing."
Exhaust System,PowerFlow,"Improves fuel efficiency by optimizing airflow and reducing engine backpressure. Constructed from stainless steel for corrosion resistance and longevity.","Produces a louder noise compared to stock exhaust systems, which some users may find disruptive. Installation can be complex, requiring professional assistance."
Exhaust System,TorqueX,"Enhances vehicle performance with increased horsepower and torque. Designed for minimal emissions, making it environmentally friendly.","Higher cost compared to standard exhaust systems. Some users report minor vibrations at higher speeds, which can affect comfort."
Exhaust System,AutoTune,"Customizable design allows for better tuning options. Lightweight construction reduces overall vehicle weight, improving fuel economy.","Requires regular maintenance to prevent clogging. Some users report slight performance inconsistencies depending on road conditions."
Suspension,StableRide,"Ensures a smooth and comfortable ride, even on rough terrains. Designed with high-durability components that reduce wear and tear over time.","Higher initial cost compared to conventional suspension systems. Some users report slight stiffness during cold weather conditions."
Suspension,FlexiSpring,"Improves vehicle stability during sharp turns and sudden stops. Adjustable settings provide better customization based on driving preferences.","May require periodic adjustments to maintain optimal performance. Some users find the installation process complicated."
Suspension,RoadMaster,"Reduces vibrations and enhances vehicle control. Compatible with a wide range of vehicles, making it a versatile choice.","Heavier than standard suspension systems, adding to overall vehicle weight. Some users report minor creaking noises over time."
Transmission,ShiftPro,"Provides smooth gear transitions, improving overall driving experience. Highly efficient design enhances fuel economy and performance.","Expensive to repair if damaged, with some parts being difficult to source. Some users experience minor lag in gear shifting under heavy load conditions."
Transmission,QuickShift,"Lightweight and compact design improves vehicle efficiency. Incorporates advanced lubrication technology for minimal wear and tear.","Requires specialized fluid for optimal performance, increasing maintenance costs. Some users report minor delays in automatic gear shifts."
Transmission,MaxTorque,"Designed for high-performance vehicles, offering maximum power transfer and durability. Built with reinforced materials to handle extreme driving conditions.","Heavier than conventional transmissions, potentially affecting fuel efficiency. Some users experience difficulty in downshifting under specific conditions."
Tires,GripMax,"Enhanced grip and traction for improved safety on wet and dry roads. Made from high-durability rubber compounds for extended lifespan.","Higher price compared to regular tires. Some users report slightly increased road noise at higher speeds."
Tires,SafeTread,"Designed for optimal fuel efficiency by reducing rolling resistance. Performs well in all weather conditions, providing year-round reliability.","Less effective on icy roads compared to specialized winter tires. Some users experience minor tread wear unevenly distributed over time."
Tires,RoadSafe,"Puncture-resistant technology improves durability and reduces the risk of blowouts. Provides excellent handling and braking response.","Slightly stiffer ride quality compared to comfort-focused tires. Some users find them less suitable for off-road driving."
Fuel Pump,AutoFlow,"Provides consistent fuel delivery, improving engine performance and efficiency. Designed with corrosion-resistant materials for long-lasting durability.","Can be noisy during operation, especially in older vehicles. Replacement costs can be high due to complex installation requirements."
Spark Plug,IgnisTech,"Enhances fuel combustion, leading to better mileage and reduced emissions. Made from premium materials to ensure longevity and optimal engine performance.","May require frequent replacement depending on driving conditions. Some users report occasional misfiring issues, affecting acceleration."
Timing Belt,Precision Drive,"Manufactured with reinforced rubber for extended durability. Reduces engine noise and enhances synchronization for better fuel efficiency.","Prone to wear and tear over time, requiring timely replacement to avoid engine damage. Some users report difficulty in installation due to tight engine space."
Steering Wheel,DriveEase,"Ergonomically designed for a comfortable grip, reducing driver fatigue. Built with high-quality materials for better durability and aesthetics.","Can be expensive if opting for premium leather-wrapped versions. Some users report minor wear on high-contact areas after prolonged use."
Oil Filter,LubeMax,"Effectively removes contaminants from engine oil, improving engine lifespan. Designed for easy installation and replacement.","Requires regular replacement to maintain engine performance. Some users report occasional clogging in extreme weather conditions."
Tires,GripX,"Provides excellent traction on both wet and dry surfaces, ensuring safer driving. Made with a durable rubber compound for extended lifespan.","Tends to wear out faster on rough terrains. Some users report slightly increased road noise at higher speeds."
Headlights,BrightBeam,"Offers superior illumination for nighttime driving, improving visibility and safety. Designed with energy-efficient LED technology for longer lifespan.","More expensive than traditional halogen headlights. Some users report occasional flickering issues if not installed properly."
Gearbox,SwiftShift,"Enhances vehicle acceleration and smooth gear transitions. Built with precision-engineered components to reduce friction and improve fuel efficiency.","Replacement and repairs can be costly due to its complex internal mechanism. Some users report minor lag in automatic gear shifting."
Plastic Components,PolyAuto,"Lightweight yet durable, contributing to better fuel efficiency. Resistant to corrosion and extreme weather conditions, making them long-lasting.","Can become brittle over time if exposed to excessive sunlight. Some users report minor fitting issues in aftermarket replacements."
Copper Wire,ElectroFlex,"Highly conductive, ensuring efficient electrical transmission. Designed with high-quality insulation to prevent short circuits and enhance safety.","Prone to oxidation over time if not properly maintained. Some users report higher costs compared to aluminum alternatives."
Brake Discs,StopMaster,"Delivers superior braking performance, reducing stopping distances. Designed with ventilated slots to improve heat dissipation and prevent brake fade.","More expensive than traditional brake drums. Some users report minor squeaking noises during the initial break-in period."
Carburetor,FuelTune,"Optimizes air-fuel mixture for improved engine performance and efficiency. Designed for easy tuning and maintenance, allowing better control over fuel consumption.","Less efficient than modern fuel injection systems, leading to slightly higher fuel consumption. Some users report difficulty in adjusting the air-fuel ratio for optimal performance."
Windshield,SafeVision,"Made from shatter-resistant glass for enhanced safety during collisions. Provides superior clarity and UV protection, reducing glare and driver fatigue.","Replacement costs can be high, especially for models with embedded sensors. Some users report occasional difficulty in cleaning due to anti-glare coatings."
Exhaust Manifold,FlowMaster,"Improves engine efficiency by optimizing exhaust gas flow. Constructed from heat-resistant materials to ensure longevity and performance.","Can be expensive to replace if damaged. Some users report occasional exhaust leaks if gaskets are not installed correctly."
Air Filter,PureFlow,"Enhances engine efficiency by filtering out dust and debris. Increases fuel efficiency and prolongs engine life.","Needs frequent replacement in dusty environments. Some users report minor fitting issues with aftermarket versions."
Alternator,PowerGen,"Ensures a consistent power supply to electrical components. Designed for long-lasting durability with corrosion-resistant materials.","Replacement can be costly if it fails. Some users report occasional voltage fluctuations in extreme weather conditions."
Radiator,ThermoCool,"Efficiently dissipates heat to prevent engine overheating. Built with high-quality aluminum for improved durability and heat transfer.","Requires regular coolant maintenance to function properly. Some users report leaks developing over time in older models."
Ignition Coil,SparkMax,"Provides high voltage for efficient spark plug operation, improving combustion. Enhances engine performance and reduces misfires.","Can fail prematurely due to heat exposure. Some users report intermittent ignition issues in extreme cold weather."
Suspension Springs,FlexRide,"Improves ride comfort by absorbing road shocks. Designed with high-strength steel for long-lasting durability.","Can wear out over time, leading to reduced ride quality. Some users report difficulty in installation due to precise alignment requirements."
Fuel Injector,PrecisionFuel,"Enhances fuel efficiency by optimizing fuel spray into the engine. Reduces emissions and ensures smoother engine operation.","Expensive to replace if damaged. Some users report clogging issues when using low-quality fuel."
Clutch Plate,GripMax,"Provides smooth gear shifting and improves overall transmission efficiency. Designed for high durability and wear resistance.","Requires replacement after prolonged use. Some users report slight stiffness during initial usage before break-in."
Turbocharger,BoostTech,"Increases engine power and efficiency without increasing fuel consumption. Designed with high-performance materials to withstand extreme temperatures.","Expensive to replace if it fails. Some users report occasional lag in acceleration before the turbo fully engages."
Catalytic Converter,GreenFlow,"Reduces harmful emissions, making vehicles more eco-friendly. Made from high-quality metal alloys to ensure durability and efficiency.","Can be costly to replace due to valuable metals inside. Some users report increased risk of theft due to its resale value."
Differential Gear,DrivelineTech,"Ensures smooth turning by distributing power between wheels. Made with precision engineering for reduced wear and better performance.","Requires proper lubrication for optimal performance. Some users report noise issues if not maintained properly."
Shock Absorbers,SmoothRide,"Enhances ride comfort by minimizing vibrations and shocks. Designed for durability with corrosion-resistant coating.","Wears out over time, reducing ride quality. Some users report minor oil leaks after extended use."
Water Pump,HydroDrive,"Ensures proper coolant circulation, preventing engine overheating. Made from corrosion-resistant materials for longer lifespan.","Can fail over time, leading to coolant leaks. Some users report noisy operation if the bearings wear out."
Oxygen Sensor,OxyTune,"Improves fuel efficiency by optimizing air-fuel mixture. Helps reduce emissions and ensures better engine performance.","Can become faulty over time, leading to inaccurate readings. Some users report increased fuel consumption when the sensor fails."
Door Locks,SecureAuto,"Provides enhanced security with high-quality locking mechanisms. Designed for smooth operation and long-term reliability.","Can become stiff over time if not properly lubricated. Some users report minor electronic malfunctions in keyless versions."
Car Horn,LoudTone,"Ensures clear and loud sound for road safety. Made with durable materials to withstand harsh weather conditions.","Can wear out over time, reducing sound clarity. Some users report occasional electrical issues in high-humidity environments."
Windshield Wipers,ClearView,"Ensures clear visibility in rain and snow. Made with flexible rubber for smooth and streak-free wiping.","Needs regular replacement due to wear. Some users report squeaking noises during operation."
Throttle Body,AirFlowTech,"Optimizes air intake for improved engine performance. Designed with precision engineering to enhance throttle response.","Can accumulate carbon deposits over time, affecting performance. Some users report occasional throttle lag in older vehicles."
Battery Terminals,ElectroConnect,"Provides a secure connection for consistent power supply. Designed with anti-corrosion coating for longer lifespan.","Can develop corrosion if not maintained properly. Some users report occasional loose connections due to vibrations."
Side Mirrors,VisionGuard,"Enhances driver visibility with wide-angle view. Designed with shatter-resistant glass for safety.","Can be expensive to replace if damaged. Some users report minor distortion in certain aftermarket versions."
